30018,25800,1,-6.192289,106.797908
31722,11110,1,-6.2378004,106.8449575
31910,20912,1,-6.1049406,106.7517141
31911,20913,1,-6.1050809,106.7515751
32295,26078,1,-6.1812212,106.8205253
34314,30279,1,-6.1824193,106.8302364
34523,31199,1,-6.2234703,106.8244653
34837,29775,1,-6.1728383,106.8403772
34931,30609,1,-6.17309,106.797902
34958,31193,1,-6.1825014,106.7974735
35144,28960,1,-6.2216509,106.791309
35160,31682,1,-6.216428,106.814207
35165,30895,1,-6.2198767,106.7495254
35242,31733,1,-6.1638596,106.7758318
35339,10307,1,-6.1732513,106.7654556
35443,26429,1,-6.1553694,106.8525566
35479,22657,1,-6.2174223,106.8301777
35609,26475,1,-6.2240306,106.807467
35626,32079,1,-6.1900183,106.8242293
35642,32079,1,-6.1900183,106.8242293
35740,5106,1,-6.1925529,106.8223526
35782,27926,1,-6.2173361,106.8181588
35795,26210,1,-6.1840802,106.8054346
35840,28706,1,-6.2216509,106.791309
36003,24766,1,-6.233827,106.798053
36139,29209,1,-6.2276214,106.8084505
36213,32651,1,-6.2264086,106.8323349
36341,29141,1,-6.253401,106.801651
36452,26963,1,-6.2957357,106.8155715
36549,32883,1,-6.216399,106.771209
36662,27466,1,-6.2985655,106.8295242
36676,25611,1,-6.273053,106.814328
36771,28602,1,-6.1369726,106.8704115
36830,33111,1,-6.2119616,106.7904024
36864,26778,1,-6.2552625,106.7884301
36926,33199,1,-6.2054185,106.8045325
37006,25208,1,-6.2183536,106.8171331
37182,20576,1,-6.2240948,106.8078906
37265,33208,1,-6.1813067,106.8262633
37276,33101,1,-6.2089373,106.8206075
37280,33575,1,-6.2595139,106.8458199
37281,33580,1,-6.195986,106.91139
37327,32124,1,-6.2172441,106.8127973
37332,28664,1,-6.1833329,106.8164915
37341,4416,1,-6.2622181,106.8427223
37425,19174,1,-6.2248166,106.8102021
37525,29606,1,-6.157644,106.895187
37585,31235,1,-6.1800403,106.8218049
37614,29234,1,-6.2307016,106.8827427
37806,33450,1,-6.1255948,106.9082397
37878,34083,1,-6.1255434,106.7655508
37917,14076,1,-6.209902,106.8309787
38046,28853,1,-6.2254529,106.8051274
38076,24871,1,-6.2348176,106.8063773
38222,34293,1,-6.2364416,106.8004842
38245,34314,1,-6.182975,106.831778
38267,32390,1,-6.2569094,106.8518368
38280,29417,1,-6.1727832,106.8404007
38293,5429,1,-6.2124664,106.8298108
38296,34315,1,-6.217663,106.813379
38383,34429,1,-6.1581667,106.7679225
38385,15287,1,-6.2930192,106.8022246
38439,33969,1,-6.3223908,106.8702727
38456,33037,1,-6.2141888,106.8198018
38472,32746,1,-6.1592942,106.8183849
38555,29645,1,-6.2350778,106.8232773
38577,29337,1,-6.1953235,106.8203952
38616,34478,1,-6.138901,106.791894
38622,32155,1,-6.2108511,106.8185674
38660,33995,1,-6.2344232,106.8223093
38673,34001,1,-6.2344232,106.8223093
38716,32302,1,-6.167657,106.944718
38734,30787,1,-6.1425406,106.829457
38754,30399,4,-6.160336,106.874048
38785,34570,1,-6.1953235,106.8203952
38793,20413,3,-6.2290156,106.8059553
38850,34826,1,-6.2297131,106.8275021
38858,33725,1,-6.2046056,106.8086867
38864,34839,1,-6.2297131,106.8275021
38873,34842,1,-6.138901,106.791894
38882,30694,1,-6.1484105,106.8167048
38956,34904,1,-6.2249672,106.828009
39080,29036,1,-6.10848,106.7791824
39087,35034,1,-6.1856285,106.7683815
39091,35033,1,-6.236608,106.7522322
39130,32649,1,-6.2533403,106.8639747
39229,29686,1,-6.2397502,106.8326499
39237,35190,1,-6.2172441,106.8127973
39241,23719,1,-6.2093039,106.821094
39299,29264,1,-6.1483738,106.8277858
39308,35237,1,-6.2296561,106.8101791
39398,32185,1,-6.224947,106.8145192
39455,24151,2,-6.10848,106.7791824
39461,26693,1,-6.1892477,106.7983009
39474,31201,6,-6.226694,106.8162007
39526,29854,1,-6.190979,106.7678749
39528,35339,1,-6.10848,106.7403601
39628,35462,1,-6.1779869,106.814895
39639,35464,1,-6.1654656,106.8148853
39658,35499,1,-6.2160871,106.8311922
39683,29960,1,-6.23768,106.843313
39698,35129,1,-6.2113378,106.8163109
39719,20249,1,-6.1712533,106.7674729
39743,31124,1,-6.23768,106.843313
39780,30542,1,-6.2293018,106.825018
39792,35607,1,-6.1696547,106.7694039
39794,35622,1,-6.1738668,106.7848311
39867,35675,1,-6.2637655,106.7792698
39900,34112,1,-6.2177966,106.8188885
39961,32363,1,-6.2244393,106.8287127
39962,30886,1,-6.2297131,106.8275021
39973,35769,2,-6.3559684,106.7903776
39975,24595,1,-6.2854732,106.7925355
40114,32351,1,-6.224947,106.8145192
40185,35986,1,-6.1892477,106.7983009
40186,34148,1,-6.209902,106.8309787
40235,27945,1,-6.210209,106.831253
40237,28040,1,-6.2261146,106.8688206
40247,31398,1,-6.2297131,106.8275021
40260,8821,1,-6.1855568,106.9566055
40274,27653,1,-6.1876032,106.8367577
40278,33960,1,-6.2172441,106.8127973
40337,35999,1,-6.215757,106.831025
40354,36159,1,-6.1960086,106.8508597
40410,33834,1,-6.2145045,106.8205941
40445,36165,1,-6.2257535,106.8477162
40456,34239,1,-6.2303803,106.8325507
40480,31034,1,-6.2172441,106.8127973
40489,30525,2,-6.1177223,106.8926895
40498,31338,1,-6.1666987,106.7994536
40503,10561,2,-6.1175743,106.8926611
40504,30912,2,-6.1177223,106.8926895
40506,31770,1,-6.2051695,106.8169331
40509,36207,8,-6.3036969,106.8565092
40532,25380,1,-6.2155456,106.8214167
40539,30524,1,-6.3009756,106.8688406
40545,27430,1,-6.1953235,106.8203952
40550,18711,2,-6.2183536,106.8171331
40560,31418,1,-6.2106448,106.8222893
40571,31737,1,-6.2267874,106.8039295
40573,36263,1,-6.1327249,106.9082017
40580,36343,1,-6.2105836,106.8321558
40591,24784,1,-6.2251659,106.8307083
40602,31329,1,-6.1711748,106.7222573
40608,31424,1,-6.2320755,106.828407
40623,31116,1,-6.2297131,106.8275021
40630,32607,1,-6.245383,106.797614
40646,31520,1,-6.2930192,106.8022246
40649,24101,1,-6.2257826,106.8047944
40671,26619,1,-6.2309624,106.8002006
40696,27620,1,-6.261188,106.7968357
40702,13829,1,-6.1892477,106.7983009
40705,36430,1,-6.2166466,106.7796186
40748,36470,1,-6.2246148,106.8098477
40761,27257,1,-6.17762,106.799981
40770,36505,1,-6.2131707,106.8351795
40775,35093,1,-6.2243829,106.8277445
40776,35095,1,-6.215757,106.831025
40801,35315,1,-6.241295,106.8297287
40802,32222,1,-6.223559,106.7989693
40807,36004,1,-6.2307126,106.8336316
40815,36546,1,-6.2107005,106.8155411
40821,25234,2,-6.1600645,106.9053435
40822,27116,1,-6.307983,106.8726869
40838,17789,1,-6.2247943,106.8254741
40849,36508,1,-6.1423278,106.8952181
40856,26354,1,-6.1780486,106.8113273
40857,31318,1,-6.188313,106.8125437
40878,24346,1,-6.2256898,106.7984199
40895,27248,1,-6.2243829,106.8277445
40897,9491,1,-6.2166939,106.8289458
40900,30159,1,-6.224363,106.851318
40901,35108,1,-6.2247943,106.8254741
40902,32897,1,-6.2022047,106.8003856
40913,30273,1,-6.2183536,106.8171331
40917,36633,1,-6.2107005,106.8155411
40924,31602,1,-6.245491,106.84439
40934,31891,1,-6.2108511,106.8185674
40941,36647,1,-6.208038,106.829233
40966,33421,1,-6.2937384,106.7852087
40971,31705,1,-6.2100449,106.8217759
40977,31126,1,-6.1973053,106.8519749
40984,23739,2,-6.1980682,106.8881727
41003,36686,1,-6.2219489,106.8196122
41018,30954,1,-6.231464,106.83319
41021,36697,1,-6.2320728,106.8316632
41028,30758,1,-6.1322036,106.8696832
41039,31100,1,-6.2183536,106.8171331
41044,36709,1,-6.2364416,106.8004842
41046,36713,1,-6.1700153,106.8385652
41050,36718,1,-6.2364416,106.8004842
41061,11328,1,-6.1988713,106.8226037
41083,28835,1,-6.2166466,106.7796186
41092,31597,1,-6.1733248,106.8966258
41108,36731,1,-6.23768,106.843313
41123,18901,1,-6.1832509,106.824087
41128,30205,1,-6.231464,106.83319
41152,25532,2,-6.2982384,106.8298568
41175,25339,1,-6.2108794,106.8185611
41188,33979,1,-6.2243292,106.8166351
41195,26536,1,-6.2235757,106.8426847
41206,34011,1,-6.1993075,106.8534241
41223,36854,2,-6.187174,106.7352012
41236,36674,1,-6.2303803,106.8325507
41250,26251,1,-6.1953235,106.8203952
41253,36880,4,-6.2041082,106.7934849
41260,30719,1,-6.2022061,106.8003518
41272,36357,1,-6.1732566,106.9105688
41313,32835,1,-6.1838017,106.7971481
41317,30172,1,-6.224655,106.825535
41349,36958,1,-6.2297131,106.8275021
41360,36970,1,-6.2106448,106.8222893
41366,30533,2,-6.176305,106.778371
41369,8018,1,-6.2753537,106.7820888
41372,24296,1,-6.1955628,106.8252038
41374,36979,1,-6.224233,106.81656
41375,17808,1,-6.2035103,106.8205703
41402,31700,1,-6.242115,106.80278
41413,29962,1,-6.16563,106.839276
41434,27908,1,-6.1955384,106.8242444
41436,31882,1,-6.2251659,106.8307083
41444,31588,4,-6.1919678,106.841448
41447,29850,1,-6.2278965,106.7972053
41485,29836,1,-6.177598,106.7987653
41491,37089,1,-6.215757,106.831025
41496,29738,1,-6.2982384,106.8298568
41512,37105,1,-6.241295,106.8297287
41546,37140,1,-6.2098852,106.8233041
41560,28247,1,-6.194191,106.791177
41561,36564,1,-6.2426914,106.7832477
41567,26023,1,-6.1836982,106.8255612
41575,37160,1,-6.2254529,106.8051274
41588,21553,1,-6.254312,106.816475
41595,31558,1,-6.2174223,106.8301777
41602,29875,1,-6.2340813,106.8874872
41604,32140,1,-6.2192444,106.8336261
41612,18087,1,-6.1948194,106.8955104
41618,32631,1,-6.2106602,106.8445931
41635,37006,1,-6.174088,106.8940886
41638,34764,1,-6.2106767,106.7704984
41644,37238,1,-6.203403,106.8234996
41656,37118,1,-6.2098852,106.8233041
41657,35935,1,-6.2728422,106.7975177
41684,29840,1,-6.2255839,106.8051059
41686,37269,1,-6.1892426,106.798304
41691,17463,3,-6.2339539,106.7863075
41694,34498,1,-6.1900816,106.8236702
41725,37304,1,-6.203403,106.8234996
41730,27136,1,-6.219836,106.832223
41741,36646,1,-6.2612086,106.7968486
41745,35150,1,-6.261188,106.7968357
41747,37314,1,-6.2257535,106.8477162
41759,37310,1,-6.1954884,106.8214202
41769,33363,1,-6.198064,106.8229
41779,37336,1,-6.1503438,106.8885939
41785,37343,1,-6.261188,106.7968357
41793,37195,1,-6.2248896,106.8279695
41802,31098,1,-6.2183536,106.8171331
41809,30701,1,-6.1901367,106.823721
41811,31412,1,-6.22822,106.824157
41863,30292,1,-6.2934374,106.785091
41866,33104,1,-6.1751258,106.7900132
41867,31817,2,-6.1325991,106.7709173
41873,33793,1,-6.2201283,106.7358597
41883,37421,1,-6.196798,106.8226584
41888,25439,1,-6.1800066,106.7597109
41903,37428,1,-6.2753537,106.7820888
41910,32134,1,-6.224947,106.8145192
41912,37440,1,-6.1892477,106.7983009
41915,33810,1,-6.2230454,106.7987991
41931,37455,1,-6.1892477,106.7983009
41938,37459,1,-6.2014055,106.8566178
41963,29048,1,-6.2090388,106.7885828
41982,27775,1,-6.2110742,106.8163296
41984,30849,1,-6.210986,106.816398
42014,32917,1,-6.216959,106.814584
42044,33978,1,-6.1489402,106.8298665
42060,37553,1,-6.203403,106.8234996
42069,17096,1,-6.240463,106.787605
42071,26830,1,-6.1926632,106.7977162
42075,31212,1,-6.2297131,106.8275021
42082,34158,1,-6.196582,106.9105763
42084,18023,1,-6.22927,106.825108
42086,31279,1,-6.2247943,106.8254741
42092,25946,2,-6.2388098,106.7720666
42107,37601,1,-6.1676653,106.8039895
42130,35565,1,-6.307983,106.8726869
42144,37635,1,-6.226251,106.8344276
42148,37198,1,-6.1840403,106.8315053
42150,32391,1,-6.2779698,106.8372969
42157,37644,1,-6.243885,106.8501225
42168,37141,1,-6.1602655,106.7526895
42169,37654,1,-6.203403,106.8234996
42172,31478,1,-6.2235983,106.8086851
42175,37659,1,-6.1166735,106.7893992
42181,30153,1,-6.2419181,106.8324541
42183,32332,1,-6.172343,106.8224991
42216,37709,1,-6.225493,106.8159133
42218,9467,1,-6.1777448,106.7910148
42227,36572,1,-6.2495632,106.8432426
42232,37723,1,-6.2256898,106.7984199
42233,37721,1,-6.2448848,106.8035682
42237,33574,1,-6.105591,106.742534
42243,19909,1,-6.1372491,106.8201888
42249,23581,1,-6.1418555,106.8281622
42260,36453,1,-6.1814,106.824074
42265,32565,1,-6.2087307,106.7845459
42273,37758,1,-6.2356044,106.8552821
42284,30387,1,-6.224235,106.9229949
42287,37768,1,-6.1670246,106.7968398
42290,19016,1,-6.2033414,106.8213809
42296,37774,1,-6.2192444,106.8336261
42299,29739,1,-6.2958669,106.8259913
42300,27054,1,-6.19982,106.80003
42302,21425,2,-6.2632031,106.7920538
42316,37786,1,-6.229793,106.805829
42320,33684,1,-6.2297131,106.8275021
42323,37791,1,-6.1937841,106.8495572
42332,35036,2,-6.172028,106.76567
42337,37799,1,-6.2374718,106.7621437
42338,30753,1,-6.2248251,106.8412855
42339,37618,1,-6.235388,106.829229
42340,25781,1,-6.2398275,106.7959664
42342,30888,1,-6.2104871,106.8300344
42343,28658,1,-6.2941269,106.7853133
42344,21524,1,-6.2110585,106.8164055
42352,36983,2,-6.2067932,106.8879138
42354,26552,1,-6.2110471,106.816556
42370,33265,1,-6.2136041,106.8172451
42371,37830,1,-6.2197434,106.8330697
42373,11706,1,-6.2132299,106.7806614
42376,37833,2,-6.2219489,106.8196122
42380,28471,1,-6.1727402,106.9609479
42382,37840,1,-6.1708423,106.866488
42384,37043,1,-6.1991647,106.822302
42387,33972,1,-6.1200255,106.7082544
42389,26633,1,-6.2958669,106.8259913
42394,33190,1,-6.1954884,106.8214202
42398,29750,1,-6.2054202,106.8340634
42406,37863,1,-6.2302207,106.8209236
42409,27991,1,-6.2032095,106.801344
42412,24803,1,-6.1375263,106.8917786
42417,34225,1,-6.2172441,106.8127973
42418,31571,1,-6.2455644,106.8739684
42419,37871,1,-6.2495632,106.8432426
42434,35067,1,-6.307983,106.8726869
42437,24393,1,-6.279508,106.8609408
42440,37882,1,-6.168622,106.8074479
42470,37899,1,-6.310558,106.796717
42479,32288,1,-6.226407,106.817717
42487,37880,3,-6.2183572,106.8687327
42496,32257,2,-6.1809549,106.9648441
42508,34807,1,-6.1681308,106.7841867
42520,26630,1,-6.1427254,106.7747385
42522,34028,1,-6.2261687,106.8040173
42524,1134,1,-6.2183536,106.8171331
42546,28608,1,-6.2254512,106.8051631
42547,3220,1,-6.2448803,106.8036754
42548,37935,1,-6.2248896,106.8279695
42558,3662,1,-6.2339539,106.7863075
42559,37941,1,-6.1800403,106.8218049
42565,35630,1,-6.203403,106.8234996
42584,35838,1,-6.2235757,106.8426847
42585,37956,1,-6.2178246,106.8188785
42602,33996,1,-6.19865,106.837368
42603,34625,1,-6.2350554,106.8233789
42605,28792,1,-6.1973053,106.8519749
42606,31708,1,-6.2247943,106.8254741
42615,32704,1,-6.2160871,106.8311922
42640,35321,1,-6.1696088,106.8193934
42645,37075,2,-6.2197434,106.8330697
42648,37997,1,-6.1501009,106.8256891
42661,38010,1,-6.2937937,106.7852053
42663,33056,1,-6.1944685,106.8838087
42664,28652,1,-6.215757,106.831025
42667,34134,1,-6.223559,106.7989693
42671,15331,1,-6.2448524,106.8049594
42673,37401,1,-6.2753537,106.7820888
42675,33463,1,-6.2183536,106.8171331
42676,38018,1,-6.2495632,106.8432426
42688,29154,1,-6.2244393,106.8287127
42704,29672,1,-6.1990703,106.8235991
42706,38031,1,-6.2270402,106.7990238
42722,30003,1,-6.203702,106.760377
42729,9762,1,-6.2316211,106.8214288
42730,34577,3,-6.2349179,106.7927658
42731,38046,1,-6.283604,106.829721
42739,29225,1,-6.1840912,106.8315731
42755,38044,1,-6.2173447,106.8314953
42766,34977,1,-6.2108511,106.8185674
42786,28627,1,-6.10848,106.7791824
42791,31186,1,-6.2302207,106.8209236
42801,32158,2,-6.235496,106.8290953
42802,29549,1,-6.2219489,106.8196122
42806,34906,1,-6.2108511,106.8185674
42811,19700,1,-6.203872,106.9160472
42814,38093,1,-6.2424868,106.8515092
42824,32386,1,-6.1953235,106.8203952
42831,38104,1,-6.192426,106.741038
42836,38111,1,-6.2437633,106.8028831
42847,38120,1,-6.1978806,106.8227806
42851,38127,1,-6.1451435,106.7600867
42857,37147,1,-6.1892347,106.7949096
42868,28167,1,-6.198966,106.852877
42872,29912,1,-6.2456048,106.874538
42882,38124,1,-6.224012,106.8231392
42884,28587,1,-6.215757,106.831025
42886,31957,1,-6.2151398,106.8205146
42890,4218,1,-6.2183536,106.8171331
42891,31667,1,-6.1597068,106.8169611
42908,28157,2,-6.2267874,106.8039295
42929,31977,1,-6.1863448,106.8455467
42934,29096,1,-6.1953235,106.8203952
42935,36025,1,-6.2234447,106.8085564
42937,38172,1,-6.297401,106.8034118
42942,34452,1,-6.1099346,106.7914444
42945,19690,1,-6.1267963,106.796947
42948,38183,1,-6.1779869,106.814895
42950,34496,1,-6.1986049,106.767434
42974,38208,1,-6.1967421,106.8225732
42982,35342,1,-6.2257535,106.8477162
42986,8374,1,-6.2296574,106.8273022
42987,34635,1,-6.1793196,106.7424957
42988,38217,1,-6.2962331,106.8302973
42994,27517,1,-6.2246148,106.8098477
43000,9291,1,-6.2236686,106.8089944
43002,27561,1,-6.2216509,106.791309
43015,21968,1,-6.2535236,106.8190805
43028,31408,1,-6.22822,106.824157
43040,31198,1,-6.2082454,106.8224468
43047,28995,1,-6.196798,106.8226584
43056,38252,1,-6.1840403,106.8315053
43072,31918,1,-6.2262628,106.8084354
43095,22856,1,-6.2561771,106.7689436
43096,4838,1,-6.2982384,106.8298568
43108,29423,1,-6.2248896,106.8279695
43123,29305,1,-6.254808,106.8508921
43124,7730,1,-6.2461381,106.9176586
43135,24894,1,-6.1749298,106.7899948
43146,33284,1,-6.2721219,106.7647198
43151,24152,1,-6.2906819,106.7955595
43167,23720,1,-6.2093104,106.8203727
43178,22296,1,-6.2179992,106.8370883
43194,36741,1,-6.203403,106.8234996
43199,29456,1,-6.241295,106.8297287
43215,38379,1,-6.2243829,106.8277445
43221,23133,1,-6.2245283,106.8108798
43223,28720,1,-6.3045104,106.8487643
43233,23312,2,-6.2784884,106.8107829
43248,4606,1,-6.1558645,106.8762973
43260,30718,1,-6.198818,106.761839
43262,38409,1,-6.1256706,106.8147737
43271,31354,3,-6.224947,106.8145192
43277,36804,1,-6.1818345,106.8111235
43289,37829,1,-6.300562,106.8651361
43300,12506,1,-6.225493,106.8159133
43301,38436,1,-6.225493,106.8159133
43305,38441,1,-6.2220281,106.8330481
43311,32169,1,-6.2138873,106.8311942
43317,36241,1,-6.203403,106.8234996
43320,25226,1,-6.2155416,106.8214328
43327,34464,1,-6.2937937,106.7852053
43330,37253,1,-6.1677533,106.8153375
43332,38453,1,-6.243844,106.857353
43364,38485,1,-6.1898856,106.891869
43365,18142,1,-6.2235391,106.7988276
43367,35617,1,-6.190001,106.8235248
43379,38141,1,-6.2197641,106.8338593
43395,38492,1,-6.1163545,106.7676581
43401,32430,1,-6.217814,106.8302939
43406,23429,1,-6.2219489,106.8196122
43407,38506,1,-6.2219489,106.8196122
43454,32380,2,-6.2172441,106.8127973
43466,38528,1,-6.2115885,106.8210067
43469,28449,1,-6.2407716,106.8301481
43471,118,1,-6.2273273,106.833651
43477,10562,1,-6.2279504,106.79954
43484,33589,1,-6.1700587,106.7841756
43498,9085,1,-6.1965327,106.8445452
43503,32235,1,-6.1700153,106.8385652
43516,37172,1,-6.1540747,106.8430831
43521,35907,1,-6.294555,106.7853376
43524,37690,1,-6.1239096,106.7397104
43528,36213,1,-6.1921019,106.8414509
43533,32126,1,-6.207466,106.7948763
43534,22388,1,-6.1918185,106.7503002
43536,32126,1,-6.207466,106.7948763
43545,38587,1,-6.2656595,106.7942142
43548,20491,1,-6.223151,106.8084787
43550,37035,1,-6.1081925,106.8830958
43552,34497,1,-6.2108511,106.8185674
43555,23945,1,-6.1820073,106.8794528
43568,38609,1,-6.2089373,106.8206075
43573,38619,1,-6.137385,106.828698
43580,24592,1,-6.2183536,106.8171331
43592,21731,1,-6.3003391,106.8215838
43599,36036,1,-6.2081984,106.822416
43600,38639,1,-6.235388,106.829229
43614,38660,1,-6.156543,106.84182
43622,25714,1,-6.130375,106.793886
43625,31097,1,-6.1973053,106.8519749
43627,38672,1,-6.156543,106.84182
43653,38694,1,-6.168622,106.8074479
43656,38693,1,-6.241295,106.8297287
43673,38716,1,-6.2242403,106.8097801
43684,33349,4,-6.2505367,106.8186008
43691,36496,1,-6.2235391,106.7988276
43717,29908,1,-6.1953235,106.8203952
43734,16280,1,-6.2453628,106.8293487
43736,38774,1,-6.2958669,106.8259913
43767,28202,1,-6.1730069,106.7626588
43771,24278,11,-6.2854557,106.8336432
43772,23443,1,-6.2449234,106.8082136
43802,38823,1,-6.224874,106.81458
43809,38764,1,-6.1928846,106.8220619
43824,37457,1,-6.1684703,106.7868626
43826,33540,1,-6.1923831,106.8387146
43828,38843,1,-6.2244773,106.8781194
43831,31349,1,-6.2297131,106.8275021
43832,28384,1,-6.209358,106.820853
43833,4574,1,-6.2192444,106.8336261
43834,38848,2,-6.2237156,106.8123294
43838,31236,1,-6.23768,106.843313
43850,38801,1,-6.224874,106.81458
43856,7847,1,-6.2455234,106.8262725
43866,37554,1,-6.1727619,106.8319642
43891,31365,1,-6.1973053,106.8519749
43905,30897,1,-6.2178246,106.8188785
43912,37853,1,-6.127387,106.806963
43916,38887,1,-6.151685,106.89123
43917,38888,1,-6.1172946,106.7716776
43919,34172,1,-6.215757,106.831025
43938,31889,1,-6.2350554,106.8233789
43947,37973,1,-6.1800403,106.8218049
43953,28661,1,-6.224947,106.8145192
43971,31179,1,-6.1633679,106.8203436
43977,37614,1,-6.2260778,106.8153061
43978,35605,1,-6.2271771,106.8264121
43980,5627,1,-6.2728453,106.8260101
44014,26054,1,-6.1924266,106.7405499
44102,28023,1,-6.2111514,106.7838367
44106,25681,1,-6.197634,106.905236
44108,32824,1,-6.313394,106.8436667
44115,31108,1,-6.196798,106.8226584
44134,21059,1,-6.2216466,106.7817627
44145,20764,3,-6.2302354,106.8117875
44173,39002,1,-6.283604,106.829721
44177,6691,1,-6.173921,106.784307
44198,35064,1,-6.196739,106.8214799
44208,26945,1,-6.192921,106.7978875
44211,1729,1,-6.2308763,106.8096101
44213,31127,1,-6.1332255,106.8722492
44240,31908,1,-6.203872,106.9160472
44243,31021,1,-6.2108574,106.8185896
44247,19319,1,-6.1497612,106.8171424
44255,32377,1,-6.1846578,106.8172086
44267,29226,1,-6.2065705,106.8215436
44298,30035,1,-6.2235391,106.7988276
44305,39111,1,-6.2351634,106.8203997
44348,23163,1,-6.1681529,106.8737743
44356,25702,1,-6.1630149,106.9121862
44358,8909,2,-6.2413726,106.7873664
44360,17891,1,-6.2452597,106.8722279
44364,24792,1,-6.2758872,106.8296258
44369,38906,1,-6.2245386,106.8403234
44374,26346,1,-6.2958669,106.8259913
44375,37824,1,-6.1898509,106.9114732
44380,28939,1,-6.2270004,106.7990797
44383,39170,1,-6.2144955,106.8221015
44401,27316,1,-6.21335,106.820126
44414,39198,1,-6.19332,106.853162
44415,37620,1,-6.1967421,106.8225732
44428,39212,1,-6.2438903,106.8500514
44439,28831,1,-6.2111278,106.8163924
44453,39232,1,-6.1306246,106.8712304
44455,39234,1,-6.1902056,106.8236555
44456,28341,1,-6.1953235,106.8203952
44458,36488,1,-6.2243292,106.8166351
44459,23871,1,-6.137109,106.831771
44468,32180,1,-6.2661027,106.772452
44470,4258,1,-6.2353031,106.82926
44474,29365,1,-6.2254529,106.8051274
44475,31798,1,-6.2304586,106.8173426
44477,20422,1,-6.2037636,106.8203392
44499,7255,1,-6.283604,106.829721
44509,30702,1,-6.2297131,106.8275021
44519,37086,1,-6.2387442,106.8942616
44524,23393,1,-6.243697,106.8035305
44528,39293,1,-6.2656595,106.7942142
44531,39291,2,-6.212427,106.8339032
44535,39297,1,-6.2183536,106.8171331
44536,35106,1,-6.275941,106.824724
44540,31607,1,-6.2331763,106.8312595
44556,34316,1,-6.2089373,106.8206075
44559,1640,1,-6.1667956,106.7088362
44563,26283,1,-6.3175552,106.6500669
44570,32843,1,-6.3022635,106.8627813
44574,32181,1,-6.2297131,106.8275021
44578,29990,1,-6.2107292,106.8157104
44580,30005,2,-6.1499656,106.9143966
44584,32270,1,-6.2173361,106.8181588
44586,27024,1,-6.2152035,106.8204371
44591,34211,1,-6.1390577,106.7974654
44600,25012,1,-6.294555,106.7853376
44601,37770,1,-6.12101,106.8147573
44613,28309,1,-6.2009437,106.6202284
44621,27662,1,-6.1953379,106.8203997
44622,7955,1,-6.238154,106.92749
44631,34859,1,-6.2999935,106.8329487
44632,39054,1,-6.2273273,106.833651
44633,20504,2,-6.2535143,106.8601371
44655,37186,1,-6.1829319,106.8309075
44672,39379,1,-6.1155722,106.7894321
44678,37772,1,-6.2363941,106.8008251
44682,23486,1,-6.2386502,106.8240774
44685,32884,1,-6.1838017,106.7971481
44690,39384,1,-6.224084,106.8077647
44691,26334,1,-6.1926632,106.7977162
44694,21335,1,-6.227064,106.8081298
44699,29599,1,-6.247743,106.830694
44703,33134,1,-6.1800899,106.8213955
44719,30437,1,-6.2958669,106.8259913
44733,30686,1,-6.1420846,106.8628008
44741,36679,1,-6.196798,106.8226584
44746,38970,1,-6.2334873,106.8232236
44748,29649,1,-6.1504839,106.8559157
44775,39429,1,-6.1953379,106.8203997
44781,32592,1,-6.171622,106.8200447
44791,39434,1,-6.171917,106.765707
44801,39443,1,-6.1953379,106.8203997
44809,36157,1,-6.2257535,106.8477162
44811,30581,1,-6.2958669,106.8259913
44820,26760,1,-6.1892426,106.798304
44827,27976,1,-6.2350554,106.8233789
44836,39463,1,-6.2057049,106.8398366
44851,37891,1,-6.168622,106.8074479
44858,26697,1,-6.1907026,106.7465599
44859,39473,1,-6.2546,106.78959
44866,10141,1,-6.2425262,106.851135
44867,25697,2,-6.1978836,106.8525187
44869,34477,1,-6.1800899,106.8213955
44870,37860,1,-6.3045104,106.8487643
44871,21783,6,-6.1925529,106.8223526
44874,32912,1,-6.203403,106.8234996
44877,30625,1,-6.147881,106.896231
44878,25144,1,-6.2129693,106.81938
44885,36315,1,-6.1954884,106.8214202
44909,36379,1,-6.203403,106.8234996
44914,31251,2,-6.2142393,106.8311955
44917,36338,1,-6.203403,106.8234996
44924,23621,2,-6.261487,106.8126085
44929,28462,1,-6.1306246,106.8712304
44930,25302,1,-6.233773,106.8138929
44932,39521,1,-6.2197434,106.8330697
44933,39339,1,-6.1800755,106.8112831
44944,39522,2,-6.1754386,106.7661338
44946,17564,1,-6.1556784,106.8453046
44947,32452,15,-6.1805132,106.8277703
44952,39269,1,-6.2398125,106.9387692
44968,31089,1,-6.254808,106.8508921
44971,39541,1,-6.1715529,106.8380312
44973,25919,1,-6.2126493,106.8118477
44974,39544,1,-6.2177726,106.8673165
44976,26528,1,-6.1909446,106.8144305
44985,28646,1,-6.1415594,106.8557915
44989,9205,1,-6.203403,106.8234996
44998,39564,1,-6.196582,106.9105763
45000,34484,1,-6.2273273,106.833651
45004,30025,1,-6.2254512,106.8051631
45011,39520,1,-6.2243292,106.8166351
45021,36919,1,-6.209902,106.8309787
45031,25319,1,-6.198966,106.852877
45040,28206,1,-6.239756,106.795377
45063,37021,1,-6.172864,106.7762666
45075,39594,1,-6.1464884,106.858122
45081,28596,1,-6.215757,106.831025
45093,39607,1,-6.217337,106.8315047
45101,36394,1,-6.2251659,106.8307083
45106,39620,1,-6.2240306,106.807467
45123,39627,1,-6.261188,106.7968357
45126,29310,1,-6.2088444,106.8295377
45148,39640,1,-6.20043,106.854553
45157,35169,1,-6.1815409,106.82565
45160,25541,1,-6.1963993,106.822529
45182,8271,1,-6.1911426,106.7648711
45194,35985,1,-6.2288371,106.8197655
45204,39699,1,-6.2061878,106.8752766
45206,39659,1,-6.2243292,106.8166351
45210,39702,1,-6.2243292,106.8166351
45223,39713,1,-6.2993773,106.8313965
45231,32895,1,-6.1494909,106.8978652
45241,28887,1,-6.1813899,106.8328923
45243,29160,1,-6.2335466,106.831981
45246,39725,1,-6.1986049,106.767434
45254,33084,4,-6.1480205,106.8501376
45262,33971,1,-6.1475505,106.8147036
45263,30379,1,-6.1475505,106.8147036
45265,31697,1,-6.2907337,106.8106665
45272,9931,1,-6.1788227,106.8648707
45274,36903,2,-6.2876168,106.8680955
45282,11336,1,-6.2264086,106.8323349
45302,36124,1,-6.1919678,106.841448
45311,39675,1,-6.2065705,106.8215437
45312,29858,1,-6.1838017,106.7971481
45313,39750,2,-6.3046983,106.8487442
45319,27009,1,-6.2993024,106.8317033
45328,37921,1,-6.145195,106.7941468
45330,39756,1,-6.2246185,106.7913231
45334,31596,1,-6.1991647,106.822302
45335,22732,3,-6.2244333,106.828634
45345,39775,1,-6.2334436,106.8486144
45358,26332,1,-6.2247519,106.8286005
45374,32601,1,-6.2136041,106.8172451
45385,39795,1,-6.2349805,106.8215422
45398,37873,1,-6.203403,106.8234996
45409,39817,1,-6.215757,106.831025
45423,39830,1,-6.1077803,106.7405195
45428,2659,1,-6.225493,106.8159133
45431,37005,1,-6.203403,106.8234996
45444,34060,1,-6.2314267,106.8274872
45451,30644,2,-6.167657,106.944718
45452,12339,1,-6.2545886,106.8531215
45455,29584,1,-6.241295,106.8297287
45456,32156,1,-6.196798,106.8226584
45467,39862,1,-6.2804736,106.7953287
45478,39886,1,-6.2089373,106.8206075
45485,39892,1,-6.2355795,106.8277448
45486,39880,3,-6.3215674,106.8267279
45488,38007,1,-6.2254512,106.8051631
45491,10328,1,-6.2108511,106.8185674
45511,31444,3,-6.179163,106.712361
45513,29439,1,-6.144112,106.9371102
45531,15184,2,-6.196759,106.8286724
45538,10311,1,-6.2269854,106.8325547
45545,39927,1,-6.133081,106.7009159
45552,39933,1,-6.1423732,106.9300879
45553,23554,1,-6.2354554,106.8583901
45567,39942,1,-6.2303803,106.8325507
45569,31796,1,-6.217458,106.8138802
45570,25983,1,-6.1769955,106.7912677
45573,39738,1,-6.2059747,106.8214579
45577,38280,1,-6.2137622,106.8200889
45594,31442,1,-6.2333373,106.8231784
45599,39962,1,-6.1497612,106.8171424
45601,38058,1,-6.2673231,106.781126
45605,37417,1,-6.1998781,106.844116
45610,33415,2,-6.139579,106.8293222
45614,39426,1,-6.2304586,106.8173426
45616,33499,1,-6.2293018,106.825018
45630,39981,1,-6.1283021,106.8183454
45637,30602,1,-6.2071844,106.8215245
45638,33193,1,-6.2197434,106.8330697
45639,34370,1,-6.2071844,106.8215245
45652,37764,1,-6.1774465,106.8314405
45659,39681,1,-6.2183536,106.8171331
45661,35576,1,-6.110215,106.741413
45663,40023,12,-6.1190229,106.7863126
45666,29711,1,-6.3031671,106.8627808
45676,17325,1,-6.2248405,106.8511232
45679,40030,1,-6.213012,106.8285522
45681,28571,1,-6.1953235,106.8203952
45684,39100,1,-6.2183536,106.8171331
45686,30421,1,-6.1925529,106.8223526
45689,8416,4,-6.2240708,106.8279318
45691,38650,1,-6.2348278,106.8486255
45698,30409,1,-6.2089373,106.8206075
45704,34832,1,-6.205943,106.821374
45715,34130,1,-6.2088966,106.818388
45717,27614,1,-6.1751722,106.8733973
45722,25371,1,-6.1856535,106.9265259
45735,39650,1,-6.1556784,106.8453046
45745,37927,1,-6.2192444,106.8336261
45762,30716,1,-6.2141888,106.8198018
45766,27178,1,-6.1967287,106.822542
45778,40077,1,-6.2094319,106.8204633
45782,33297,1,-6.2240948,106.8078906
45787,40101,1,-6.2273273,106.833651
45791,39820,1,-6.23822,106.7649318
45805,29918,1,-6.235752,106.850568
45816,39836,1,-6.1902056,106.8236555
45822,37280,1,-6.1967421,106.8225732
45823,40129,1,-6.181649,106.733043
45836,40139,2,-6.1958383,106.7977817
45839,15157,1,-6.1904055,106.8242645
45843,33215,1,-6.2103732,106.800046
45863,38053,1,-6.2244309,106.841808
45868,33676,1,-6.2484533,106.842503
45870,40166,1,-6.182483,106.829844
45873,21278,1,-6.2273273,106.833651
45883,29414,3,-6.1696547,106.7694039
45886,13660,1,-6.174018,106.8943667
45890,40179,1,-6.1977122,106.8282217
45892,32618,1,-6.2454268,106.8750055
45896,37909,1,-6.2495632,106.8432426
45949,40210,1,-6.2094319,106.8204633
45954,39943,1,-6.16136,106.791009
45960,26637,1,-6.241129,106.8342938
45971,35870,1,-6.203403,106.8234996
45975,25141,1,-6.2541446,106.8342746
45977,39580,2,-6.2246703,106.806378
45979,31551,1,-6.2462233,106.8434039
45985,40235,2,-6.2248896,106.8279695
45993,40241,1,-6.1858887,106.8444068
45996,25295,1,-6.1953235,106.8203952
45997,19267,1,-6.190001,106.8235248
45998,35189,1,-6.1954884,106.8214202
46011,40248,1,-6.1819446,106.7366891
46024,37286,1,-6.1852933,106.77295
46038,40268,1,-6.196798,106.8226584
46041,40267,1,-6.196798,106.8226584
46044,32659,1,-6.1355729,106.7958545
46045,33093,2,-6.222916,106.84657
46052,40281,1,-6.224012,106.8231392
46061,36512,1,-6.1734175,106.7818563
46075,13552,1,-6.22111,106.79191
46079,17609,2,-6.2179992,106.8370883
46080,32054,1,-6.228835,106.818061
46089,33835,1,-6.226529,106.803667
46093,21641,1,-6.1935245,106.8290103
46096,40325,1,-6.2250309,106.8063264
46098,38407,1,-6.175477,106.7897068
46102,40330,1,-6.173049,106.8306819
46103,37113,1,-6.2982384,106.8298568
46106,30485,1,-6.224947,106.8145192
46107,39779,1,-6.1884292,106.8790896
46110,39530,1,-6.1737652,106.8965447
46112,40341,1,-6.2273273,106.833651
46113,40272,1,-6.224874,106.81458
46122,35485,1,-6.2100449,106.8217759
46123,33946,1,-6.1498859,106.8851291
46124,38752,3,-6.2228388,106.8124371
46125,29982,1,-6.2400492,106.8343394
46126,36727,1,-6.2251659,106.8307083
46133,38041,1,-6.2251659,106.8307083
46134,31766,1,-6.1816137,106.8255964
46136,20804,1,-6.1916129,106.7681327
46138,40353,2,-6.1956449,106.8217923
46140,32554,1,-6.1656066,106.8174599
46142,40357,2,-6.2447631,106.8433506
46145,34062,1,-6.1700153,106.8385652
46148,40360,1,-6.196798,106.8226584
46150,40364,1,-6.2243292,106.8166351
46152,40104,3,-6.2279504,106.79954
46153,40367,1,-6.2123681,106.8336774
46158,40365,1,-6.196798,106.8226584
46165,26413,1,-6.1653124,106.9060837
46167,40377,1,-6.2550736,106.853709
46169,40370,1,-6.2088966,106.818388
46170,27809,1,-6.1660026,106.9054736
46171,35832,1,-6.2968867,106.8230531
46177,28000,1,-6.2247943,106.8254741
46194,40388,1,-6.168622,106.8074479
46202,38176,1,-6.1954884,106.8214202
46206,40401,2,-6.2261984,106.8087548
46208,36961,1,-6.2236686,106.8089944
46213,24861,1,-6.2173361,106.8181588
46217,34480,1,-6.2092475,106.8204837
46220,40409,1,-6.2109926,106.8298728
46223,36774,1,-6.1954884,106.8214202
46227,40420,1,-6.1560966,106.8369906
46231,40422,1,-6.2151397,106.8205147
46235,40428,1,-6.1755854,106.8129131
46241,28762,1,-6.2092475,106.8204837
46242,29308,1,-6.2236686,106.8089944
46251,31838,1,-6.2400492,106.8343394
46252,36799,1,-6.203403,106.8234996
46256,40443,1,-6.2235983,106.8086851
46260,31434,1,-6.1699972,106.8157447
46272,40459,1,-6.228118,106.825529
46273,26359,1,-6.1953235,106.8203952
46274,29448,1,-6.2418535,106.8411176
46278,38107,2,-6.1663078,106.8227424
46279,38368,1,-6.1967421,106.8225732
46280,40444,1,-6.173781,106.7827316
46282,28224,1,-6.1967421,106.8225732
46285,40093,1,-6.1953379,106.8203997
46288,29316,1,-6.22651,106.7781855
46289,40476,1,-6.2183536,106.8171331
46293,36033,1,-6.2234447,106.8085564
46294,27847,1,-6.1892477,106.7983009
46301,29137,1,-6.1860018,106.8319986
46304,30289,1,-6.1663078,106.8227424
46307,34364,5,-6.2216509,106.791309
46310,37788,1,-6.2279483,106.8511457
46313,40478,1,-6.2365781,106.8777422
46321,40485,5,-6.1893227,106.7975864
46324,40486,1,-6.2866699,106.8181267
46325,39459,1,-6.2351634,106.8203997
46326,40487,1,-6.3020288,106.842992
46328,39375,1,-6.1389199,106.7928118
46332,11774,1,-6.1953235,106.8203952
46342,38778,1,-6.2930192,106.8022246
46343,37725,1,-6.2100449,106.8217759
46348,25359,1,-6.1805696,106.8849917
46362,37224,1,-6.168334,106.763925
46366,40453,5,-6.168477,106.8987272
46368,36238,1,-6.2243292,106.8166351
46385,28325,1,-6.283604,106.829721
46390,28554,1,-6.224084,106.8077647
46392,29911,1,-6.2369902,106.8305541
46393,29880,1,-6.228118,106.825529
46399,34627,1,-6.2251659,106.8307083
46401,40432,3,-6.317217,106.8292465
46408,40534,1,-6.1995838,106.8218821
46411,40533,4,-6.1127801,106.7339875
46421,40547,1,-6.1834373,106.8874111
46437,40567,1,-6.1840814,106.931491
46439,40573,1,-6.2768551,106.8304814
46441,34005,1,-6.2247943,106.8254741
46444,40577,1,-6.2402891,106.8298842
46445,35503,1,-6.1953235,106.8203952
46446,40581,1,-6.138699,106.8460694
46447,29607,1,-6.2106448,106.8222893
46448,40587,1,-6.2183536,106.8171331
46450,39574,1,-6.2183536,106.8171331
46453,13399,2,-6.2784884,106.8107829
46454,36054,1,-6.1919678,106.841448
46458,40599,1,-6.2930192,106.8022246
46459,40598,1,-6.168334,106.763925
46460,26329,12,-6.1926653,106.8690206
46462,40601,1,-6.2930192,106.8022246
46463,34221,1,-6.18916,106.771452
46464,40604,1,-6.2930192,106.8022246
46468,36944,1,-6.2173361,106.8181588
46469,40607,1,-6.2930192,106.8022246
46471,9014,1,-6.2061552,106.8166479
46472,39740,1,-6.203403,106.8234996
46478,25337,2,-6.1465204,106.8532697
46497,39078,1,-6.1953379,106.8203997
46498,40615,1,-6.2411444,106.8018979
46502,38907,1,-6.179259,106.803528
46504,3623,1,-6.2108511,106.8185674
46507,40293,1,-6.1120607,106.7488585
46509,38796,2,-6.1926086,106.7567253
46510,40619,1,-6.17705,106.818802
46519,40090,1,-6.169384,106.803672
46526,40627,2,-6.2575332,106.8155284
46528,40625,1,-6.2250309,106.8063264
46530,40631,1,-6.189379,106.877347
46531,39732,1,-6.2113378,106.8163109
46534,33447,1,-6.1700153,106.8385652
46536,33147,1,-6.1491112,106.850031
46548,39720,1,-6.2096643,106.8225602
46553,14968,2,-6.235609,106.8458341
46558,39237,1,-6.1973483,106.8169835
46559,38240,1,-6.2178246,106.8188785
46561,40644,1,-6.3060133,106.7935028
46563,39904,1,-6.1522457,106.8553671
46564,40647,1,-6.2244309,106.841808
46565,40645,3,-6.1172946,106.7716776
46566,38770,1,-6.1930865,106.8685486
46567,39316,1,-6.245182,106.803773
46568,29635,1,-6.2243383,106.84176
46570,40648,1,-6.196798,106.8226584
46571,39173,1,-6.1380996,106.7991071
46573,40661,1,-6.1265061,106.7943993
46574,40663,1,-6.2178246,106.8188785
46575,39418,1,-6.2241122,106.8278857
46578,39419,1,-6.2243829,106.8277445
46586,34524,1,-6.224874,106.81458
46588,20864,1,-6.21101,106.8123618
46595,38266,2,-6.1800403,106.8218049
46599,40676,1,-6.1626036,106.8388007
46600,39123,2,-6.1457589,106.8545055
46604,40685,1,-6.2173646,106.8140398
46606,29241,1,-6.228457,106.806678
46608,30385,1,-6.2580495,106.758692
46609,40584,3,-6.2344232,106.8223093
46610,40684,1,-6.2289831,106.8200838
46611,27916,1,-6.1953235,106.8203952
46612,40687,1,-6.2092392,106.8204807
46613,39094,1,-6.1592325,106.8178659
46614,37877,1,-6.2097962,106.8180285
46626,26107,1,-6.217337,106.8315047
46629,40580,1,-6.22218,106.8899678
46630,36815,1,-6.2128546,106.82036
46633,31769,4,-6.1447337,106.9122113
46634,38446,1,-6.2129065,106.8204693
46644,35557,1,-6.2173361,106.8181588
46645,29614,1,-6.176024,106.817615
46648,22270,1,-6.1764279,106.791244
46653,40705,1,-6.1381656,106.7926914
46659,40709,1,-6.1708423,106.866488
46660,38802,1,-6.2097962,106.8180285
46661,28704,1,-6.1477323,106.734821
46669,10268,1,-6.2699584,106.8304022
46670,39240,1,-6.2137516,106.8172252
46674,31651,5,-6.172088,106.9059574
46676,39784,1,-6.2271771,106.8264121
46678,39655,1,-6.167085,106.8269619
46679,20592,1,-6.2089373,106.8206075
46680,20452,2,-6.2183536,106.8171331
46684,34321,1,-6.190001,106.8235248
46686,39540,1,-6.226043,106.799055
46687,34307,2,-6.1841475,106.8315462
46692,40720,1,-6.2183536,106.8171331
46702,18448,1,-6.2087327,106.8294951
46703,20820,1,-6.2344889,106.7982909
46714,40716,1,-6.198415,106.8420776
46717,40727,1,-6.203403,106.8234996
46718,25687,1,-6.1789235,106.7886985
46725,16014,1,-6.1686516,106.7640952
46732,40735,1,-6.1686516,106.7640952
46733,28840,1,-6.2183536,106.8171331
46735,34047,1,-6.2050725,106.7832101
46737,17513,1,-6.203403,106.8234996
46742,39292,1,-6.1478971,106.8304688
46743,38994,1,-6.1460585,106.8571507
46746,39039,1,-6.254566,106.8134436
46749,38822,3,-6.232055,106.8323938
46752,38554,1,-6.1280779,106.8541961
46754,31577,1,-6.2310001,106.8178322
46755,14662,1,-6.2093104,106.8203727
46756,31616,1,-6.241295,106.8297287
46757,32209,1,-6.1281903,106.7193151
46760,33554,1,-6.2107005,106.8155411
46768,32513,1,-6.3051272,106.8063241
46769,34500,1,-6.2239647,106.84276
46771,34331,1,-6.2154588,106.8214282
46775,4915,1,-6.1244103,106.8933346
46779,39142,1,-6.1755854,106.8129131
46780,40765,1,-6.2110105,106.8161803
46783,40739,1,-6.1643481,106.7263203
46785,40774,2,-6.204786,106.8506805
46788,22763,2,-6.1925529,106.8223526
46790,37335,1,-6.2110801,106.8163686
46794,40638,2,-6.1686817,106.7958956
46796,26591,1,-6.1826148,106.8232762
46797,7354,1,-6.3011972,106.8318583
46799,40786,1,-6.2257402,106.8023064
46800,38244,1,-6.129321,106.8217732
46801,40787,1,-6.2243829,106.8277445
46802,8809,1,-6.2653672,106.8310305
46806,40790,1,-6.1681677,106.7969083
46809,12047,1,-6.2230454,106.7987991
46812,6846,1,-6.1611081,106.9033317
46815,33011,1,-6.2937063,106.8154371
46819,26063,1,-6.2080737,106.8285244
46822,40810,1,-6.2958669,106.8259913
46823,39782,1,-6.2243829,106.8277445
46824,40814,1,-6.2106656,106.8947892
46828,40818,1,-6.2882969,106.7999426
46834,8654,4,-6.1478248,106.9114889
46835,30031,1,-6.1556784,106.8453046
46839,39075,1,-6.137067,106.797554
46841,39336,2,-6.1871184,106.7401224
46842,40824,1,-6.2117018,106.8209632
46845,40842,1,-6.248797,106.8433978
46861,10826,1,-6.1789235,106.7886985
46862,35958,1,-6.2263507,106.8324967
46864,39228,1,-6.1902536,106.7989201
46865,40873,1,-6.217814,106.8302939
46869,40877,1,-6.225493,106.8159133
46870,40682,1,-6.283604,106.829721
46871,30111,2,-6.27056,106.82944
46872,39562,2,-6.2452084,106.7816011
46873,30636,1,-6.2455587,106.7817741
46877,39057,2,-6.172028,106.76567
46878,38002,1,-6.1830002,106.8332665
46879,38149,2,-6.275364,106.7734485
46883,2985,1,-6.2174223,106.8301777
46885,31187,1,-6.2407716,106.8301481
46887,40899,1,-6.3243262,106.8347168
46889,31778,2,-6.3198012,106.8636104
46890,25894,1,-6.2054202,106.8340634
46898,27277,1,-6.22822,106.824157
46900,39388,1,-6.2265826,106.8333857
46904,33080,1,-6.2085549,106.824539
46908,33565,1,-6.2448848,106.8035682
46909,34417,1,-6.2622912,106.7879854
46911,40910,1,-6.2251,106.80557
46921,37889,1,-6.2052978,106.8107731
46923,40916,1,-6.1565557,106.7904142
46926,26042,35,-6.2541096,106.8276581
46927,29594,1,-6.168764,106.808385
46928,40804,2,-6.1050886,106.7550295
46929,32594,1,-6.237311,106.810015
46931,33712,1,-6.1809776,106.821567
46932,27884,1,-6.2240708,106.8279318
46937,40928,1,-6.2479337,106.9284849
46939,40479,1,-6.2930192,106.8022246
46940,24340,1,-6.2861026,106.8322296
46945,40933,1,-6.224874,106.81458
46948,40934,2,-6.32671,106.822058
46949,38110,1,-6.2344232,106.8223093
46951,18431,5,-6.1866622,106.8852715
46957,31702,1,-6.1403198,106.9144751
46960,37133,1,-6.172864,106.7762666
46965,11016,2,-6.2449398,106.844734
46966,40795,3,-6.1134432,106.7362708
46968,10923,3,-6.130553,106.821312
46972,40953,1,-6.2518811,106.842103
46974,40954,1,-6.1405421,106.7892602
46981,11912,1,-6.2872015,106.7790688
46982,35135,2,-6.225493,106.8159133
46983,13652,1,-6.2059588,106.9180132
46984,40963,1,-6.1400817,106.8121559
46986,31076,1,-6.170195,106.805786
46988,35100,1,-6.1596328,106.8153558
46990,33939,1,-6.1780094,106.8174184
46994,14852,1,-6.21732,106.82887
46995,35338,1,-6.2004822,106.832833
47001,27147,3,-6.2669073,106.7930691
47007,31604,1,-6.217814,106.8302939
47008,33496,1,-6.2400492,106.8343394
47010,35837,1,-6.2653672,106.8310305
47011,35115,1,-6.2093039,106.821094
47014,39851,2,-6.2726075,106.7976211
47017,39259,3,-6.3291092,106.9037553
47018,40974,2,-6.1633499,106.8920413
47020,39045,1,-6.2294634,106.8203979
47021,40973,1,-6.2034803,106.8235686
47024,40978,1,-6.2150478,106.8202554
47029,35156,1,-6.1894273,106.8375411
47031,39543,1,-6.1592325,106.8178659
47032,32108,1,-6.1953235,106.8203952
47033,25724,1,-6.1415594,106.8557915
47036,40980,1,-6.2097962,106.8180285
47037,26206,1,-6.1598176,106.7853922
47042,32597,1,-6.2336055,106.8213815
47043,34708,1,-6.208211,106.8274998
47044,40949,1,-6.2192786,106.8320541
47049,40984,3,-6.2488385,106.8588065
47053,29139,1,-6.2004721,106.9536442
47055,41000,1,-6.2552269,106.8123654
47056,31041,1,-6.188941,106.83218
47057,39158,1,-6.1774465,106.8314405
47059,5961,1,-6.241295,106.8297287
47060,41004,1,-6.2694065,106.7839517
47061,41010,4,-6.198053,106.8363509
47062,39037,1,-6.197139,106.8225377
47066,38535,1,-6.2093839,106.8296055
47068,11661,1,-6.2257804,106.8189988
47069,40880,1,-6.2096643,106.8225602
47072,39222,1,-6.2256056,106.7573424
47075,38924,1,-6.1971254,106.8224907
47082,30049,1,-6.1604642,106.8321158
47083,10765,1,-6.2046998,106.8412449
47085,40801,1,-6.1524694,106.7126704
47086,29394,1,-6.1953235,106.8203952
47090,30704,1,-6.228835,106.818061
47095,25949,1,-6.1937505,106.8913866
47097,31948,1,-6.2257402,106.8023064
47103,32822,1,-6.2183536,106.8171331
47106,41046,1,-6.2212905,106.8316369
47109,30935,1,-6.2397492,106.8272494
47115,26871,6,-6.212427,106.8339032
47119,34181,1,-6.28543,106.7881055
47122,41052,1,-6.2090157,106.8183908
47126,32935,1,-6.232212,106.831706
47127,34312,1,-6.1765627,106.7899177
47129,10881,1,-6.1687595,106.8264226
47130,34056,1,-6.2230454,106.7987991
47131,41055,1,-6.2250309,106.8063264
47132,41057,1,-6.1900699,106.8238396
47133,41058,1,-6.196798,106.8226584
47134,41059,1,-6.1937505,106.8913866
47135,33140,1,-6.246136,106.8705377
47140,35922,1,-6.1905076,106.7975435
47141,29688,1,-6.212996,106.8297159
47143,41064,1,-6.1799763,106.8326556
47147,41065,1,-6.1937505,106.8913866
47148,29759,1,-6.1953235,106.8203952
47150,31752,1,-6.2100449,106.8217759
47151,40215,1,-6.2183536,106.8171331
47152,40236,1,-6.167797,106.8207365
47157,39908,1,-6.1995838,106.8218821
47165,41076,1,-6.167797,106.8207365
47168,35044,1,-6.1619102,106.7870665
47172,21334,1,-6.2629033,106.7819532
47174,40827,1,-6.226952,106.7975164
47176,41069,1,-6.175185,106.913537
47178,23592,1,-6.2174223,106.8301777
47181,35692,1,-6.224874,106.81458
47182,26029,1,-6.1700339,106.8149671
47183,21043,1,-6.2259608,106.8085986
47185,26899,1,-6.1700339,106.8149671
47188,31313,1,-6.2283886,106.823959
47190,35281,1,-6.2235983,106.8086851
47199,31223,1,-6.2183536,106.8171331
47202,28644,1,-6.1892477,106.7983009
47204,35019,1,-6.2244309,106.841808
47208,17761,1,-6.2097962,106.8180285
47209,30268,1,-6.239756,106.795377
47210,41100,1,-6.3299893,106.8683632
47215,25492,1,-6.2174248,106.8138927
47218,39458,1,-6.2284341,106.8243539
47219,41093,1,-6.2107292,106.8157104
47222,33910,1,-6.2071354,106.8428518
47223,33298,1,-6.1727746,106.788301
47224,34322,1,-6.2093039,106.821094
47225,40177,2,-6.2124664,106.8298108
47232,36751,1,-6.203403,106.8234996
47233,37271,1,-6.203497,106.8035144
47234,7842,1,-6.2753688,106.7733092
47235,27005,1,-6.1926632,106.7977162
47240,29309,1,-6.2255839,106.8051059
47241,33173,1,-6.1901367,106.823721
47244,41088,1,-6.229948,106.8278893
47248,33131,1,-6.2350554,106.8233789
47253,32821,1,-6.2301887,106.8186605
47259,37984,1,-6.16187,106.819975
47260,41127,3,-6.225493,106.8159133
47261,27849,1,-6.1892477,106.7983009
47263,21797,2,-6.2232817,106.8620916
47266,34953,1,-6.2108511,106.8185674
47268,41136,1,-6.196798,106.8226584
47274,35372,1,-6.2173361,106.8181588
47275,40045,2,-6.1675775,106.8358484
47277,17313,1,-6.230251,106.8021119
47278,29636,1,-6.215757,106.831025
47280,33696,1,-6.190001,106.8235248
47282,23589,4,-6.2910688,106.8421925
47283,41147,1,-6.1995838,106.8218821
47285,41148,1,-6.2088966,106.818388
47290,39829,1,-6.1983274,106.8202503
47291,27105,2,-6.1532318,106.8974512
47296,38772,1,-6.2197434,106.8330697
47303,38825,65,-6.2389413,106.8111192
47308,40519,1,-6.2958669,106.8259913
47312,41160,1,-6.1800403,106.8218049
47316,41157,1,-6.1728642,106.7873747
47318,30144,1,-6.1816515,106.7676044
47323,39275,1,-6.199012,106.787822
47331,41175,1,-6.1728642,106.7873747
47332,41177,1,-6.2448848,106.8035682
47336,41184,1,-6.1728642,106.7873747
47337,40924,1,-6.2142542,106.8311496
47340,40058,1,-6.2173361,106.8181588
47342,6933,1,-6.2247943,106.8254741
47345,41193,1,-6.1728642,106.7873747
47348,36927,1,-6.21089,106.818574
47350,39051,1,-6.1953379,106.8203997
47351,41195,1,-6.196798,106.8226584
47354,41145,1,-6.196798,106.8226584
47358,38148,1,-6.2344232,106.8223093
47363,41202,1,-6.261188,106.7968357
47364,41204,1,-6.2269434,106.7991213
47367,18278,4,-6.3243262,106.8347168
47369,40466,2,-6.2110111,106.7692921
47371,41207,1,-6.1979255,106.8286333
47375,31960,1,-6.1800403,106.8218049
47383,41209,1,-6.2138873,106.8311942
47387,38939,1,-6.1365902,106.7275069
47388,33524,12,-6.1565057,106.8972644
47391,35308,1,-6.1776049,106.9138892
47392,36423,3,-6.2920427,106.8032714
47395,29143,1,-6.1734954,106.8983099
47396,41153,1,-6.1983274,106.8202503
47401,39311,1,-6.196902,106.8226654
47402,27438,1,-6.2801266,106.8073291
47403,29605,1,-6.1570134,106.7635111
47404,39528,3,-6.1971803,106.84687
47406,31610,2,-6.1689876,106.7712618
47408,39288,1,-6.2107292,106.8157104
47410,41219,1,-6.196798,106.8226584
47412,33901,1,-6.1752,106.7940325
47413,27174,1,-6.2100419,106.8223425
47418,41222,1,-6.1966251,106.8845206
47431,41227,2,-6.163352,106.903098
47432,41236,1,-6.1548291,106.6992234
47433,41233,1,-6.1697049,106.8102896
47434,41015,1,-6.238935,106.807616
47437,39581,1,-6.2424251,106.8247984
47442,23537,2,-6.2014359,106.8207497
47446,40028,1,-6.1800376,106.7812737
47448,35000,1,-6.2087956,106.8222088
47449,40983,1,-6.2854852,106.8713881
47450,26478,1,-6.2240306,106.807467
47451,41243,1,-6.1991647,106.822302
47457,41063,1,-6.2937937,106.7852053
47463,41251,1,-6.2282973,106.8253807
47468,31217,1,-6.229147,106.8105496
47474,41259,1,-6.229147,106.8105496
47477,32557,1,-6.1377599,106.8718174
47478,37076,1,-6.1892477,106.7983009
47481,34027,1,-6.2453676,106.7882991
47486,25262,1,-6.1974201,106.7985743
47487,41266,1,-6.2196482,106.81431
47491,30445,1,-6.217431,106.816734
47492,16443,1,-6.226694,106.8162007
47493,41269,1,-6.1663143,106.8234151
47494,41140,1,-6.2093039,106.821094
47495,14073,1,-6.2219489,106.8196122
47499,38088,1,-6.2173361,106.8181588
47500,41265,1,-6.1596328,106.8153558
47501,41270,2,-6.2273739,106.8002324
47503,41276,1,-6.2452688,106.8254215
47505,32860,1,-6.2093039,106.821094
47509,16593,2,-6.1527937,106.7657198
47512,1432,1,-6.2339278,106.8464867
47515,1432,1,-6.2339278,106.8464867
47516,40226,1,-6.2248896,106.8279695
47517,33788,1,-6.2172441,106.8127973
47518,39874,1,-6.208186,106.8436361
47519,41279,2,-6.158944,106.82965
47523,27175,1,-6.1953235,106.8203952
47529,40118,2,-6.1952559,106.8052076
47530,2737,2,-6.2648064,106.8071058
47531,37969,1,-6.2982384,106.8298568
47533,29238,1,-6.2289683,106.7929009
47537,41286,1,-6.2369188,106.8435812
47538,41285,1,-6.191756,106.748862
47539,39769,1,-6.1790569,106.7973903
47540,41287,1,-6.191756,106.748862
47541,29766,1,-6.2092786,106.82048
47542,25880,2,-6.1563117,106.7644626
47547,33572,1,-6.2097962,106.8180285
47548,41290,1,-6.1181806,106.8759007
47552,41295,1,-6.193257,106.769246
47553,36801,1,-6.2004822,106.832833
47574,40064,1,-6.1956449,106.8217923
47575,25910,1,-6.2259298,106.8513516
47576,41301,3,-6.1944685,106.8838087
47577,38258,1,-6.2147224,106.8311509
47578,41161,1,-6.2402891,106.8298842
47580,20334,1,-6.2164813,106.837368
47585,40472,1,-6.196798,106.8226584
47586,39346,1,-6.2246703,106.806378
47587,39808,1,-6.1800403,106.8218049
47589,35449,1,-6.2054202,106.8340634
47594,34607,1,-6.2239946,106.7996102
47596,17441,1,-6.1722943,106.7878349
47604,18614,1,-6.2161804,106.8212006
47605,41321,1,-6.2172441,106.8127973
47607,24424,1,-6.2264086,106.8323349
47615,33607,1,-6.1953235,106.8203952
47617,39684,2,-6.1787572,106.7921084
47620,26998,1,-6.2736832,106.8473091
47623,37301,1,-6.203403,106.8234996
47625,27793,1,-6.1953235,106.8203952
47629,32979,1,-6.2948148,106.785211
47634,38040,1,-6.1540747,106.8430831
47651,4261,3,-6.2942576,106.8200213
47653,9761,2,-6.2235757,106.8426847
47654,30117,2,-6.2183536,106.8171331
47658,41364,1,-6.1728642,106.7873747
47664,40662,1,-6.1158625,106.8886659
47666,39565,1,-6.2273273,106.833651
47668,32806,1,-6.217431,106.816734
47670,29233,1,-6.1927938,106.8678815
47672,38999,1,-6.2920649,106.7835949
47674,15674,1,-6.2106448,106.8222893
47676,31781,1,-6.1540747,106.8430831
47677,41371,1,-6.1728642,106.7873747
47678,41373,1,-6.2279483,106.8511457
47681,40514,1,-6.2081984,106.822416
47683,29851,1,-6.2059588,106.9180132
47685,41372,1,-6.225493,106.8159133
47686,9796,2,-6.2344232,106.8223093
47687,27581,1,-6.1953235,106.8203952
47688,41375,4,-6.1855018,106.8170044
47689,30300,1,-6.2914946,106.8094494
47697,30846,1,-6.2172929,106.8315478
47699,41389,1,-6.1800403,106.8218049
47701,37869,1,-6.1841475,106.8315462
47706,39412,1,-6.2097962,106.8180285
47707,40715,1,-6.2304586,106.8173426
47712,40855,1,-6.2677964,106.7750332
47715,40917,1,-6.1784117,106.791272
47717,19371,1,-6.1979255,106.8286333
47719,32470,5,-6.219696,106.833312
47722,26674,1,-6.1498859,106.8851291
47728,41304,1,-6.2164622,106.9027502
47730,39751,1,-6.2423332,106.8022551
47732,41414,1,-6.196798,106.8226584
47734,41413,1,-6.245182,106.803773
47735,41086,1,-6.1979255,106.8286333
47737,39637,1,-6.178812,106.798227
47739,41422,1,-6.245182,106.803773
47741,41423,1,-6.193257,106.769246
47749,41405,1,-6.2007522,106.832429
47751,41358,1,-6.2244309,106.841808
47753,41359,1,-6.2244309,106.841808
47755,41435,1,-6.229125,106.833817
47756,30048,1,-6.2278787,106.8255871
47757,39481,1,-6.2344232,106.8223093
47761,41441,1,-6.1979255,106.8286333
47762,29373,1,-6.2241853,106.8074787
47764,30011,1,-6.2174223,106.8301777
47776,38019,1,-6.2255839,106.8051059
47780,41451,1,-6.216959,106.814584
47782,39826,1,-6.2251659,106.8307083
47783,9458,1,-6.2326194,106.8116975
47786,41369,1,-6.1755854,106.8129131
47787,41434,1,-6.196798,106.8226584
47792,32827,1,-6.2018064,106.7815924
47796,26443,1,-6.2097962,106.8180285
47800,35701,1,-6.203403,106.8234996
47805,38857,1,-6.2590412,106.7819287
47808,35403,1,-6.3010489,106.8341849
47811,37292,1,-6.203403,106.8234996
47813,41156,1,-6.1169086,106.9189996
47818,1999,1,-6.203403,106.8234996
47819,39961,1,-6.1983274,106.8202503
47822,41322,1,-6.1425406,106.829457
47824,41480,1,-6.1438576,106.8315277
47826,13160,1,-6.2724513,106.8033272
47830,40011,1,-6.2080737,106.8285244
47831,29307,1,-6.215757,106.831025
47832,39374,1,-6.2243829,106.8277445
47834,41491,2,-6.2184892,106.8306745
47836,8228,2,-6.2400492,106.8343394
47838,4190,1,-6.280422,106.7961761
47843,6747,1,-6.2409632,106.8045178
47845,41490,1,-6.2941269,106.7853133
47847,41496,1,-6.1831601,106.8252465
47848,32100,1,-6.2915138,106.8094077
47849,36129,1,-6.2014055,106.8566178
47858,41511,1,-6.1831601,106.8252465
47861,41500,1,-6.209435,106.832495
47863,19472,1,-6.245691,106.8743497
47864,41495,1,-6.2452688,106.8254215
47865,15087,1,-6.1973797,106.815748
47866,41319,1,-6.199711,106.820595
47868,34061,1,-6.2937937,106.7852053
47869,41406,1,-6.2452688,106.8254215
47871,41513,1,-6.163352,106.903098
47876,35298,1,-6.2587303,106.7628406
47877,22774,1,-6.1253323,106.7233448
47882,41516,1,-6.2169067,106.8181611
47884,41522,1,-6.1892347,106.7949096
47885,41514,1,-6.2390113,106.7992018
47887,38286,1,-6.2178246,106.8188785
47888,40033,1,-6.2634586,106.8881656
47889,40157,1,-6.1688663,106.8209729
47890,33036,1,-6.140901,106.732367
47893,39619,1,-6.1628903,106.820531
47896,39491,1,-6.160912,106.9134903
47903,25753,1,-6.1581672,106.9401401
47906,27197,1,-6.1389843,106.8284929
47908,41486,1,-6.2344232,106.8223093
47909,41531,1,-6.2390113,106.7992018
47911,41540,1,-6.196798,106.8226584
47913,38224,1,-6.2258115,106.9091713
47918,41546,1,-6.196798,106.8226584
47919,40574,1,-6.2177833,106.7784858
47920,40948,1,-6.209435,106.832495
47926,35514,1,-6.168622,106.8074479
47928,28381,1,-6.196798,106.8226584
47929,23807,2,-6.2759196,106.8308864
47932,1140,1,-6.23312,106.848096
47933,30808,1,-6.2331448,106.8772556
47935,41557,1,-6.1856405,106.8228146
47936,41555,1,-6.1509906,106.8921323
47938,14253,1,-6.2109114,106.8184109
47944,41567,1,-6.2452688,106.8254215
47949,28221,4,-6.2425444,106.8636104
47950,40212,1,-6.2273737,106.7966607
47954,41570,1,-6.196798,106.8226584
47956,41571,1,-6.2872015,106.7790688
47957,29499,1,-6.2161804,106.8212006
47960,41572,1,-6.17962,106.7969781
47962,34125,1,-6.135557,106.805656
47963,29331,2,-6.1976066,106.8141053
47967,37884,1,-6.1909013,106.7980471
47969,36420,1,-6.1953235,106.8203952
47972,35506,1,-6.1430325,106.8144518
47975,29920,1,-6.1426573,106.8142641
47978,41576,1,-6.2097962,106.8180285
47981,40105,1,-6.2489921,106.9292155
47983,32716,1,-6.2219244,106.7829324
47987,41584,1,-6.2265154,106.8038667
47988,25569,1,-6.2220813,106.8655199
47992,41587,1,-6.1448812,106.813413
47999,41590,1,-6.218373,106.830517
48000,41593,1,-6.2251659,106.8307083
48004,27114,1,-6.1953235,106.8203952
48005,41600,1,-6.1495512,106.9017632
48010,41602,1,-6.1425406,106.829457
48014,41605,1,-6.2097962,106.8180285
48019,41607,1,-6.2273237,106.8334673
48023,41610,1,-6.2445702,106.8120985
48024,41575,1,-6.1495512,106.9017632
48026,33924,1,-6.2389455,106.8136512
48027,31152,1,-6.224012,106.8231392
48028,41616,1,-6.225519,106.805067
48029,41615,1,-6.2424251,106.8247984
48030,30253,1,-6.2092475,106.8204837
48035,41620,1,-6.3110883,106.7944645
48036,41624,1,-6.2240306,106.807467
48037,14902,1,-6.2265154,106.8038667
48041,32307,1,-6.2240306,106.807467
48043,37060,1,-6.169031,106.8200477
48045,41626,3,-6.248797,106.8433978
48047,41629,2,-6.224233,106.81656
48049,41628,1,-6.1701137,106.8209889
48052,33133,1,-6.2248896,106.8279695
48055,41637,1,-6.2097962,106.8180285
48056,39856,1,-6.2399372,106.8178341
48057,23222,3,-6.3017852,106.7786388
48058,28163,1,-6.16592,106.7641854
48059,40088,2,-6.2494935,106.7932084
48060,41471,1,-6.2097962,106.8180285
48061,39074,1,-6.1965879,106.822451
48062,41640,1,-6.2105078,106.8184469
48063,38809,1,-6.1953379,106.8203997
48064,38667,1,-6.1953379,106.8203997
48066,32503,1,-6.2163327,106.8214064
48068,40222,1,-6.1382146,106.7937736
48069,38028,1,-6.2937937,106.7852053
48070,31256,1,-6.1838017,106.7971481
48072,40006,1,-6.1767584,106.8084871
48073,41636,3,-6.245018,106.840684
48080,36816,1,-6.2251659,106.8307083
48082,28818,2,-6.2093109,106.8207143
48083,40123,1,-6.1915991,106.7488476
48086,37499,1,-6.2297131,106.8275021
48088,41494,1,-6.1956449,106.8217923
48089,41652,1,-6.196798,106.8226584
48097,33966,1,-6.1559731,106.8328426
48099,41655,1,-6.3396547,106.8813333
48103,25650,1,-6.219696,106.833312
48104,22889,1,-6.268241,106.86753
48107,41664,2,-6.1389317,106.8766801
48112,6819,1,-6.2285501,106.7432747
48113,39294,1,-6.2095952,106.8073051
48114,40836,1,-6.2219499,106.8194662
48115,33066,1,-6.2235757,106.8426847
48122,27048,1,-6.1953235,106.8203952
48124,41684,1,-6.2452688,106.8254215
48125,41528,1,-6.2097962,106.8180285
48126,41345,1,-6.2369902,106.8305541
48128,41687,1,-6.2310199,106.824073
48129,41689,1,-6.2310199,106.824073
48132,16219,1,-6.190714,106.7612879
48135,41630,1,-6.196798,106.8226584
48136,37912,1,-6.188235,106.8226356
48139,36720,1,-6.1953235,106.8203952
48141,8793,1,-6.2476714,106.7999339
48144,40083,1,-6.2035103,106.8205703
48145,41694,1,-6.1983989,106.8506283
48146,35417,1,-6.1953235,106.8203952
48149,41698,1,-6.2242845,106.8110148
48155,35305,3,-6.1505626,106.9335483
48158,37805,1,-6.164035,106.814666
48160,25145,1,-6.2293018,106.825018
48172,40967,1,-6.1451655,106.7941978
48175,41596,1,-6.1495512,106.9017632
48176,41146,1,-6.2872015,106.7790688
48181,33912,1,-6.2093039,106.821094
48183,38780,1,-6.2235646,106.7989742
48184,41722,1,-6.1451655,106.7941978
48188,38958,1,-6.2296561,106.8101791
48190,30133,1,-6.191756,106.748862
48194,39586,1,-6.1953379,106.8203997
48196,41429,1,-6.307205,106.7951268
48199,41732,1,-6.1451655,106.7941978
48200,34210,1,-6.217458,106.8138802
48201,27863,1,-6.1892987,106.7981949
48202,23877,2,-6.2251267,106.79912
48204,40181,1,-6.1754986,106.8396994
48207,39394,1,-6.2944943,106.8453003
48211,10993,1,-6.190966,106.759921
48219,35140,1,-6.1907244,106.8239855
48223,41749,1,-6.2930192,106.8022246
48237,41753,1,-6.2297707,106.8276959
48238,41759,1,-6.1451655,106.7941978
48239,41124,1,-6.3299893,106.8683632
48240,41757,1,-6.1838017,106.7971481
48241,36830,1,-6.1892477,106.7983009
48242,35896,1,-6.215757,106.831025
48243,37784,1,-6.196798,106.8226584
48244,41765,1,-6.196798,106.8226584
48245,41763,1,-6.1838017,106.7971481
48247,41760,1,-6.208414,106.821341
48251,40667,1,-6.1120607,106.7488585
48252,40180,1,-6.2057049,106.8398366
48255,41771,1,-6.1427254,106.7747385
48257,41772,1,-6.2097962,106.8180285
48259,40718,1,-6.1789235,106.7886985
48263,38014,1,-6.2937937,106.7852053
48269,29207,1,-6.1403198,106.9144751
48276,30678,1,-6.1498859,106.8851291
48279,39872,1,-6.1983274,106.8202503
48288,41785,9,-6.2195534,106.832015
48292,34483,1,-6.2310199,106.824073
48295,30335,1,-6.149224,106.8370122
48296,41809,1,-6.2145045,106.8205941
48297,40460,1,-6.2145751,106.8212915
48299,33422,3,-6.293503,106.815419
48303,33949,2,-6.1870084,106.8154486
48304,31965,1,-6.2108511,106.8185674
48307,41815,1,-6.1451655,106.7941978
48312,13710,1,-6.213569,106.817437
48316,37430,1,-6.169031,106.8200477
48317,37430,1,-6.169031,106.8200477
48324,24201,1,-6.3113596,106.913376
48330,41758,1,-6.196798,106.8226584
48331,41716,1,-6.2273237,106.8334673
48333,41826,1,-6.2298962,106.8277423
48334,29347,1,-6.224313,106.8168237
48335,40063,1,-6.2297131,106.8275021
48338,41827,1,-6.1874573,106.8284679
48340,27467,1,-6.2350554,106.8233789
48342,29484,1,-6.1892477,106.7983009
48347,24917,1,-6.1933415,106.9625318
48349,41141,2,-6.223559,106.7989693
48357,39040,1,-6.1953379,106.8203997
48358,41432,1,-6.2097962,106.8180285
48363,19228,1,-6.169529,106.837639
48365,33270,2,-6.1800403,106.8218049
48366,41848,1,-6.2142542,106.8311496
48370,41852,1,-6.217814,106.8302939
48376,41853,1,-6.196798,106.8226584
48378,30887,1,-6.1498859,106.8851291
48387,41859,1,-6.2297131,106.8275021
48388,38641,1,-6.197986,106.8530638
48390,353,1,-6.2308763,106.8096101
48391,34344,1,-6.2379186,106.8153037
48394,40371,1,-6.209902,106.8309787
48395,26786,1,-6.20043,106.854553
48398,34955,1,-6.2240306,106.807467
48399,41862,1,-6.2285137,106.8277503
48401,33118,1,-6.1222055,106.7647475
48403,9408,1,-6.2322469,106.8883672
48405,29795,1,-6.3039755,106.8622726
48406,32854,1,-6.2948148,106.785211
48410,41866,1,-6.2255538,106.7991283
48412,41872,1,-6.1735537,106.8043898
48443,32227,1,-6.1333847,106.844002
48448,40870,1,-6.1924736,106.8224298
48450,41894,1,-6.196798,106.8226584
48459,26902,1,-6.16563,106.839276
48463,41903,1,-6.2235757,106.8426847
48464,11332,1,-6.1814,106.824074
48466,26855,1,-6.2000455,106.8216167
48469,39846,1,-6.225493,106.8159133
48470,29288,2,-6.1787572,106.7921084
48472,41907,1,-6.2097772,106.8309635
48474,41910,1,-6.2297131,106.8275021
48476,28281,1,-6.1892477,106.7983009
48478,38101,1,-6.2408097,106.8006412
48485,41084,1,-6.1892477,106.7983009
48486,40457,1,-6.1381613,106.8565368
48489,41929,1,-6.1461962,106.8161198
48490,28994,1,-6.1615696,106.7166876
48491,40825,1,-6.177292,106.8154274
48492,41932,1,-6.2297131,106.8275021
48494,35592,1,-6.2085685,106.8070538
48510,41939,2,-6.1454409,106.8476872
48519,41947,1,-6.1425406,106.829457
48539,41952,1,-6.1405421,106.7892602
48546,35636,1,-6.2183536,106.8171331
48549,41961,1,-6.2389206,106.8136022
48562,41976,1,-6.229147,106.8105496
48566,32318,1,-6.2449234,106.8082136
48571,35524,1,-6.188235,106.8226356
48575,35389,1,-6.2306695,106.845285
48581,41988,1,-6.1995842,106.8671103
48582,38425,1,-6.1653361,106.8755977
48587,41992,1,-6.2240899,106.7995198
48589,41993,1,-6.1838017,106.7971481
48591,40175,1,-6.1599112,106.8146614
48592,37069,1,-6.169031,106.8200477
48594,24016,1,-6.3016702,106.832956
48596,41842,1,-6.326455,106.856142
48602,41994,1,-6.2389206,106.8136022
48603,41995,1,-6.2325153,106.8203547
48612,41855,1,-6.2297131,106.8275021
48625,39430,1,-6.196798,106.8226584
48627,31252,1,-6.2297131,106.8275021
48628,31395,1,-6.1837596,106.8551152
48630,35998,1,-6.1919678,106.841448
48642,42034,1,-6.2246703,106.806378
48648,39516,1,-6.1925529,106.8223526
48656,29867,1,-6.112163,106.735712
48657,27322,1,-6.2033414,106.8213809
48664,19871,1,-6.2522144,106.8427531
48665,34900,1,-6.2108511,106.8185674
48666,42045,1,-6.2251659,106.8307083
48667,15856,1,-6.230114,106.8057692
48670,42050,1,-6.234519,106.7982906
48679,26635,1,-6.2104871,106.8300344
48682,40206,6,-6.2174513,106.831276
48683,25254,1,-6.2173361,106.8181588
48685,42053,1,-6.1814,106.824074
48688,27664,1,-6.1876032,106.8367577
48690,35377,7,-6.2093039,106.821094
48693,42057,1,-6.1051414,106.7574671